NA_atom_unit,NB_atom_unit,NC_atom_unit,Valence_Con_A,Valence_Con_B,Valence_Con_C,a_?_uint,c_?_unit,HSE_Band_Gap_eV,LVB_window,LCB_Window,B_Gpa,Average_mh,Anisotropy_mh,VB_Extrema_0_1eV,1_00E+18,1E18_Pockets,1E19_Pockets,1E20_Pockets,VB_dos_at_0_1_states_atom,Average_me,Anisotropy_me,CB_Extrema_0_1eV,#NAME?,CB_dos_at_0_1_states_atom,Temperature,Kpa,N_optimal,Type,ZT
0.0,0.0,0.0,0.25,0.0,1.0,0.4388254486133778,0.4973130409812528,0.6744186046511628,0.2025316455696203,0.33582089552238803,0.8735332464146024,0.06046511627906976,0.021167415009621552,1.0,0.7578124999999999,0.0,0.0,0.0,0.22727272727272724,0.0528233151183971,0.006132756132756131,0.1111111111111111,0.0,0.053156146179402,0.3636363636363637,0.1811023622047244,0.3701298701298703,1.0,0.249
0.0,0.0,0.0,0.625,0.0,0.5,0.11908646003262635,0.4653566886819542,0.6046511627906976,0.06329113924050639,0.6119402985074627,0.8546284224250327,0.02325581395348837,0.0044900577293136654,0.6000000000000001,0.8671874999999999,0.0,0.0,0.0,0.3863636363636364,0.2714025500910747,0.06890331890331891,0.0,0.09090909090909093,0.003322259136212625,0.3636363636363637,0.0905511811023622,0.6075036075036075,0.0,0.415
0.0,0.0,0.0,0.25,0.5,1.0,0.6851549755301801,0.5225007178898141,0.5116279069767442,0.430379746835443,0.21641791044776115,0.7079530638852674,0.03255813953488372,0.1334188582424631,0.0,0.5468749999999999,0.0,0.0,0.2,0.0,0.1074681238615665,0.006132756132756131,0.5555555555555556,0.5454545454545454,0.0830564784053156,0.9090909090909092,0.08267716535433071,0.5353535353535354,1.0,0.7070000000000001
0.0,0.0,0.0,0.0,1.0,1.0,0.7047308319739017,0.5330024203142306,0.9069767441860463,0.18987341772151906,0.06716417910447763,0.6192959582790091,0.09302325581395347,0.3553559974342527,0.0,0.5546875,0.0,0.0,0.0,0.12987012987012986,0.18032786885245905,0.0,0.5555555555555556,0.7272727272727273,0.6378737541528239,0.9090909090909092,0.0452755905511811,0.5418470418470419,1.0,0.84
0.0,0.0,0.0,1.0,1.0,0.5,0.5986949429037528,0.4860114041924764,0.8488372093023256,0.26582278481012656,0.7761194029850745,0.7079530638852674,0.06976744186046513,0.024374599101988442,0.0,0.5703125,0.0,0.0,0.2,0.00974025974025974,0.2167577413479053,0.0432900432900433,0.0,0.09090909090909093,0.003322259136212625,1.0,0.08267716535433071,0.7034632034632036,0.0,0.5579999999999999
0.0,0.0,0.0,1.0,0.0,0.5,0.1827079934747147,0.4710177626451163,0.8488372093023256,0.1518987341772152,0.6492537313432836,0.9677314211212515,0.1767441860465116,0.05003207184092366,0.4,0.6249999999999999,0.0,0.0,0.0,0.4577922077922078,0.28961748633879786,0.09451659451659453,0.0,0.09090909090909093,0.0,0.5454545454545454,0.06692913385826772,0.6428571428571429,0.0,0.48100000000000004
0.0,0.0,0.0,1.0,0.5,1.0,0.8368678629690055,0.5426221438240965,0.6162790697674418,0.4556962025316456,0.2910447761194029,0.4876140808344198,0.04651162790697674,0.047466324567030135,0.0,0.4921875,0.0,0.0,0.2,0.003246753246753247,0.19854280510018213,0.028499278499278507,0.0,0.09090909090909093,0.003322259136212625,0.8181818181818182,0.06102362204724409,0.5230880230880232,1.0,0.634
0.0,0.0,0.0,0.25,0.5,0.5,0.3262642740619898,0.465705378020265,0.4418604651162791,0.5316455696202532,0.6940298507462687,0.8256192959582791,0.01860465116279069,0.1334188582424631,0.0,0.453125,0.5,0.5,0.6000000000000001,0.0,0.07103825136612023,0.0515873015873016,0.0,0.09090909090909093,0.0,0.5454545454545454,0.1122047244094488,0.6731601731601733,0.0,0.337
0.0,0.0,0.0,0.25,1.0,1.0,0.7814029363784675,0.5343151331172826,1.0,0.13924050632911392,0.14925373134328354,0.485658409387223,0.06976744186046513,0.21552277100705572,0.0,0.4375,0.0,0.0,0.0,0.00974025974025974,0.3442622950819673,0.08946608946608947,0.4444444444444444,0.7272727272727273,0.15282392026578073,0.8181818181818182,0.07283464566929132,0.5346320346320347,1.0,0.7340000000000001
0.0,0.0,0.0,0.625,1.0,0.5,0.5481239804241433,0.4824834885342741,0.686046511627907,0.0,0.7388059701492536,0.3223598435462843,0.055813953488372085,0.01603592046183451,0.0,0.5468749999999999,0.0,0.5,0.2,0.006493506493506494,0.19854280510018213,0.02020202020202021,0.0,0.09090909090909093,0.003322259136212625,0.9090909090909092,0.08267716535433071,0.6262626262626263,0.0,0.631
0.0,0.0,0.0,0.625,1.0,0.5,0.5481239804241433,0.4824834885342741,0.686046511627907,0.0,0.7388059701492536,0.3223598435462843,0.055813953488372085,0.01603592046183451,0.0,0.5468749999999999,0.0,0.5,0.2,0.006493506493506494,0.19854280510018213,0.02020202020202021,0.0,0.09090909090909093,0.003322259136212625,0.2727272727272727,0.2283464566929134,0.6464646464646466,0.0,0.183
0.0,0.0,0.0,1.0,1.0,1.0,0.9429037520391516,0.5517085777577224,1.0,0.2025316455696203,0.2537313432835821,0.5440026075619296,0.06976744186046513,0.11802437459910198,0.0,0.3984375,0.0,0.0,0.2,0.00974025974025974,0.2167577413479053,0.046536796536796536,0.0,0.3636363636363637,0.006644518272425249,1.0,0.05118110236220472,0.5476190476190477,1.0,0.7020000000000001
0.0,0.0,0.0,0.25,1.0,0.5,0.4437194127243078,0.4711203183328546,0.813953488372093,0.012658227848101278,0.7014925373134329,0.453715775749674,0.06976744186046513,0.024374599101988442,0.0,0.5390624999999999,0.0,0.0,0.2,0.006493506493506494,0.25318761384335153,0.028499278499278507,0.0,0.09090909090909093,0.003322259136212625,0.8181818181818182,0.06692913385826772,0.6558441558441559,0.0,0.556
0.0,0.0,0.0,1.0,1.0,0.5,0.5986949429037528,0.4860114041924764,0.8488372093023256,0.26582278481012656,0.7761194029850745,0.7079530638852674,0.06976744186046513,0.024374599101988442,0.0,0.5703125,0.0,0.0,0.2,0.00974025974025974,0.2167577413479053,0.0432900432900433,0.0,0.09090909090909093,0.003322259136212625,0.0,0.6692913385826771,0.7481962481962483,0.0,0.02
0.0,0.0,0.0,0.625,0.5,1.0,0.7928221859706366,0.5356893793329778,0.4651162790697674,0.4810126582278482,0.2388059701492537,0.37027379400260746,0.01395348837209302,0.0012828736369467615,0.0,0.3437499999999999,0.0,0.5,0.2,0.0,0.1074681238615665,0.009740259740259742,0.0,0.09090909090909093,0.009966777408637871,0.4545454545454545,0.1279527559055118,0.507936507936508,1.0,0.445
0.0,0.0,0.0,0.25,1.0,0.5,0.4437194127243078,0.4711203183328546,0.813953488372093,0.012658227848101278,0.7014925373134329,0.453715775749674,0.06976744186046513,0.024374599101988442,0.0,0.5390624999999999,0.0,0.0,0.2,0.006493506493506494,0.25318761384335153,0.028499278499278507,0.0,0.09090909090909093,0.003322259136212625,0.3636363636363637,0.1437007874015748,0.6940836940836942,0.0,0.24600000000000002
0.0,0.0,0.0,0.25,0.0,1.0,0.4388254486133778,0.4973130409812528,0.6744186046511628,0.2025316455696203,0.33582089552238803,0.8735332464146024,0.06046511627906976,0.021167415009621552,1.0,0.7578124999999999,0.0,0.0,0.0,0.22727272727272724,0.0528233151183971,0.006132756132756131,0.1111111111111111,0.0,0.053156146179402,0.4545454545454545,0.15354330708661418,0.5937950937950939,1.0,0.325
0.0,0.0,0.0,0.625,0.0,0.5,0.11908646003262635,0.4653566886819542,0.6046511627906976,0.06329113924050639,0.6119402985074627,0.8546284224250327,0.02325581395348837,0.0044900577293136654,0.6000000000000001,0.8671874999999999,0.0,0.0,0.0,0.3863636363636364,0.2714025500910747,0.06890331890331891,0.0,0.09090909090909093,0.003322259136212625,0.0,0.31496062992125984,0.6002886002886004,0.0,0.02
0.0,0.0,0.0,1.0,1.0,0.5,0.5986949429037528,0.4860114041924764,0.8488372093023256,0.26582278481012656,0.7761194029850745,0.7079530638852674,0.06976744186046513,0.024374599101988442,0.0,0.5703125,0.0,0.0,0.2,0.00974025974025974,0.2167577413479053,0.0432900432900433,0.0,0.09090909090909093,0.003322259136212625,0.4545454545454545,0.1732283464566929,0.7373737373737375,0.0,0.267
0.0,0.0,0.0,1.0,0.0,1.0,0.5693311582381739,0.5228083849530295,0.9069767441860463,0.1518987341772152,0.20895522388059695,0.6939374185136898,0.02325581395348837,0.0224502886465683,0.6000000000000001,0.6093749999999999,0.0,0.0,0.0,0.2759740259740259,0.18032786885245905,0.05844155844155845,0.0,0.09090909090909093,0.003322259136212625,0.7272727272727273,0.0748031496062992,0.5295815295815296,1.0,0.667
0.0,0.0,0.0,0.625,0.5,0.5,0.42577487765089816,0.4795503958649546,0.36046511627906974,0.4430379746835443,0.7089552238805971,0.5968057366362451,0.09302325581395347,0.016677357280307892,0.0,0.703125,0.5,0.5,0.4,0.012987012987012988,0.28961748633879786,0.2218614718614719,0.0,0.09090909090909093,0.0,0.0,0.4921259842519685,0.4314574314574315,0.0,0.01
0.0,0.0,0.0,0.625,1.0,0.5,0.5481239804241433,0.4824834885342741,0.686046511627907,0.0,0.7388059701492536,0.3223598435462843,0.055813953488372085,0.01603592046183451,0.0,0.5468749999999999,0.0,0.5,0.2,0.006493506493506494,0.19854280510018213,0.02020202020202021,0.0,0.09090909090909093,0.003322259136212625,0.7272727272727273,0.10236220472440943,0.6341991341991343,0.0,0.535
0.0,0.0,0.0,0.25,0.5,1.0,0.6851549755301801,0.5225007178898141,0.5116279069767442,0.430379746835443,0.21641791044776115,0.7079530638852674,0.03255813953488372,0.1334188582424631,0.0,0.5468749999999999,0.0,0.0,0.2,0.0,0.1074681238615665,0.006132756132756131,0.5555555555555556,0.5454545454545454,0.0830564784053156,0.4545454545454545,0.15748031496062992,0.32034632034632043,1.0,0.353
0.0,0.0,0.0,0.25,0.0,0.5,0.02610114192495924,0.4514706485621692,0.8372093023255814,0.06329113924050639,0.5746268656716418,0.95632333767927,0.26511627906976737,0.104554201411161,0.6000000000000001,0.6093749999999999,0.0,0.0,0.0,0.2922077922077922,0.3078324225865209,0.08080808080808083,0.0,0.09090909090909093,0.0132890365448505,0.6363636363636364,0.07283464566929132,0.616883116883117,0.0,0.5579999999999999
0.0,0.0,0.0,0.625,0.0,0.5,0.11908646003262635,0.4653566886819542,0.6046511627906976,0.06329113924050639,0.6119402985074627,0.8546284224250327,0.02325581395348837,0.0044900577293136654,0.6000000000000001,0.8671874999999999,0.0,0.0,0.0,0.3863636363636364,0.2714025500910747,0.06890331890331891,0.0,0.09090909090909093,0.003322259136212625,0.18181818181818185,0.14763779527559054,0.6031746031746033,0.0,0.18899999999999997
0.0,0.0,0.0,0.0,1.0,1.0,0.7047308319739017,0.5330024203142306,0.9069767441860463,0.18987341772151906,0.06716417910447763,0.6192959582790091,0.09302325581395347,0.3553559974342527,0.0,0.5546875,0.0,0.0,0.0,0.12987012987012986,0.18032786885245905,0.0,0.5555555555555556,0.7272727272727273,0.6378737541528239,0.18181818181818185,0.1811023622047244,0.5396825396825398,1.0,0.35100000000000003
0.0,0.0,0.0,0.625,0.0,1.0,0.5350734094616637,0.5119579931903022,0.5930232558139535,0.2531645569620253,0.1865671641791045,0.3940677966101695,0.04651162790697674,0.023733162283515064,0.6000000000000001,0.5546875,0.0,0.0,0.0,0.10714285714285716,0.19854280510018213,0.03787878787878788,0.3333333333333333,0.09090909090909093,0.09302325581395347,0.0,0.4881889763779527,0.5440115440115441,1.0,0.04
0.0,0.0,0.0,0.25,0.5,1.0,0.6851549755301801,0.5225007178898141,0.5116279069767442,0.430379746835443,0.21641791044776115,0.7079530638852674,0.03255813953488372,0.1334188582424631,0.0,0.5468749999999999,0.0,0.0,0.2,0.0,0.1074681238615665,0.006132756132756131,0.5555555555555556,0.5454545454545454,0.0830564784053156,1.0,0.0748031496062992,0.5360750360750361,1.0,0.746
0.0,0.0,0.0,0.25,0.0,1.0,0.4388254486133778,0.4973130409812528,0.6744186046511628,0.2025316455696203,0.33582089552238803,0.8735332464146024,0.06046511627906976,0.021167415009621552,1.0,0.7578124999999999,0.0,0.0,0.0,0.22727272727272724,0.0528233151183971,0.006132756132756131,0.1111111111111111,0.0,0.053156146179402,0.9090909090909092,0.07874015748031496,0.5548340548340549,1.0,0.687
0.0,0.0,0.0,0.25,1.0,1.0,0.7814029363784675,0.5343151331172826,1.0,0.13924050632911392,0.14925373134328354,0.485658409387223,0.06976744186046513,0.21552277100705572,0.0,0.4375,0.0,0.0,0.0,0.00974025974025974,0.3442622950819673,0.08946608946608947,0.4444444444444444,0.7272727272727273,0.15282392026578073,0.18181818181818185,0.2381889763779527,0.43290043290043295,1.0,0.196
0.0,0.0,0.0,1.0,0.5,1.0,0.8368678629690055,0.5426221438240965,0.6162790697674418,0.4556962025316456,0.2910447761194029,0.4876140808344198,0.04651162790697674,0.047466324567030135,0.0,0.4921875,0.0,0.0,0.2,0.003246753246753247,0.19854280510018213,0.028499278499278507,0.0,0.09090909090909093,0.003322259136212625,0.09090909090909093,0.2854330708661417,0.323953823953824,1.0,0.068
0.0,0.0,0.0,0.625,0.0,1.0,0.5350734094616637,0.5119579931903022,0.5930232558139535,0.2531645569620253,0.1865671641791045,0.3940677966101695,0.04651162790697674,0.023733162283515064,0.6000000000000001,0.5546875,0.0,0.0,0.0,0.10714285714285716,0.19854280510018213,0.03787878787878788,0.3333333333333333,0.09090909090909093,0.09302325581395347,1.0,0.05511811023622047,0.5360750360750361,1.0,0.809
0.0,0.0,0.0,1.0,1.0,0.5,0.5986949429037528,0.4860114041924764,0.8488372093023256,0.26582278481012656,0.7761194029850745,0.7079530638852674,0.06976744186046513,0.024374599101988442,0.0,0.5703125,0.0,0.0,0.2,0.00974025974025974,0.2167577413479053,0.0432900432900433,0.0,0.09090909090909093,0.003322259136212625,0.5454545454545454,0.1496062992125984,0.7380952380952382,0.0,0.32299999999999995
0.5,0.0,0.3333333333333333,1.0,0.0,1.0,0.6867862969004892,0.03589449070845468,0.686046511627907,0.6962025316455696,0.5223880597014925,0.4719687092568449,0.027906976744186043,0.0012828736369467615,0.6000000000000001,0.8828124999999999,0.0,0.0,0.0,0.19805194805194806,0.19854280510018213,0.023809523809523808,0.0,0.18181818181818185,0.006644518272425249,0.8181818181818182,0.13188976377952755,0.5310245310245311,1.0,0.695
0.5,0.0,0.3333333333333333,1.0,0.0,1.0,0.6867862969004892,0.03589449070845468,0.686046511627907,0.6962025316455696,0.5223880597014925,0.4719687092568449,0.027906976744186043,0.0012828736369467615,0.6000000000000001,0.8828124999999999,0.0,0.0,0.0,0.19805194805194806,0.19854280510018213,0.023809523809523808,0.0,0.18181818181818185,0.006644518272425249,0.2727272727272727,0.30905511811023617,0.5122655122655123,1.0,0.278
0.5,0.0,0.3333333333333333,0.0,1.0,1.0,0.6166394779771625,0.03304344258932602,0.5581395348837209,0.5443037974683546,0.5746268656716418,0.7689048239895698,0.05116279069767441,0.2039769082745349,0.4,0.4375,0.0,0.0,0.2,0.2077922077922078,0.2167577413479053,0.0021645021645021667,0.0,0.09090909090909093,0.28903654485049834,0.0,0.3287401574803149,0.5519480519480521,1.0,0.04
0.5,0.0,0.3333333333333333,0.625,0.5,1.0,0.8450244698205551,0.0383353160766296,0.2209302325581395,1.0,0.582089552238806,0.6016949152542372,0.03255813953488372,0.055163566388710686,0.0,0.40625,0.0,0.5,0.2,0.003246753246753247,0.23497267759562845,0.019480519480519484,0.1111111111111111,0.18181818181818185,0.12956810631229235,0.18181818181818185,0.22440944881889768,0.5389610389610391,1.0,0.213
0.5,0.0,0.3333333333333333,0.0,1.0,1.0,0.6166394779771625,0.03304344258932602,0.5581395348837209,0.5443037974683546,0.5746268656716418,0.7689048239895698,0.05116279069767441,0.2039769082745349,0.4,0.4375,0.0,0.0,0.2,0.2077922077922078,0.2167577413479053,0.0021645021645021667,0.0,0.09090909090909093,0.28903654485049834,0.18181818181818185,0.15551181102362205,0.5505050505050506,1.0,0.265
0.5,0.0,0.3333333333333333,1.0,0.5,0.5,0.5530179445350734,0.017229355540058246,0.34883720930232553,0.5696202531645571,0.9925373134328358,0.9605606258148632,0.09302325581395347,0.041693393200769716,0.0,0.2265624999999999,0.5,0.5,0.2,0.016233766233766232,0.3260473588342441,0.06565656565656566,0.0,0.09090909090909093,0.003322259136212625,0.7272727272727273,0.19291338582677164,0.7366522366522368,0.0,0.39399999999999996
0.5,0.0,0.3333333333333333,1.0,0.5,1.0,0.9102773246329532,0.04120687533330599,0.5,0.7088607594936709,0.6343283582089553,0.5511734028683182,0.07441860465116278,0.07697241821680563,0.0,0.4765625,0.0,0.0,0.2,0.006493506493506494,0.3624772313296904,0.02128427128427129,0.0,0.09090909090909093,0.009966777408637871,0.6363636363636364,0.06889763779527558,0.5346320346320347,1.0,0.579
0.5,0.0,0.3333333333333333,0.625,1.0,1.0,0.934747145187602,0.04034540755630305,0.5,0.7215189873417721,0.6194029850746269,0.4612125162972621,0.04651162790697674,0.06927517639512508,0.0,0.453125,0.0,0.0,0.2,0.00974025974025974,0.23497267759562845,0.04148629148629149,0.0,0.2727272727272727,0.04651162790697674,0.8181818181818182,0.06889763779527558,0.5490620490620491,1.0,0.7040000000000001
0.5,0.0,0.3333333333333333,0.25,0.5,1.0,0.6688417618270809,0.02834639209090539,0.33720930232558144,0.8227848101265823,0.5895522388059701,0.5752933507170797,0.03720930232558139,0.23155869146889024,0.0,0.2656249999999999,0.0,0.5,0.2,0.003246753246753247,0.3989071038251367,0.002525252525252528,0.3333333333333333,0.3636363636363637,0.16279069767441862,0.3636363636363637,0.19094488188976375,0.5317460317460319,1.0,0.38299999999999995
0.5,0.0,0.3333333333333333,0.625,0.0,0.5,0.21533442088091376,0.011527259301800902,0.4767441860465116,0.7848101265822786,0.7388059701492536,0.6792698826597132,0.05116279069767441,0.007055805003207175,0.2,0.2578124999999999,0.5,0.5,0.4,0.3636363636363637,0.3078324225865209,0.07792207792207792,0.0,0.0,0.009966777408637871,0.6363636363636364,0.021653543307086614,0.5995670995670996,0.0,0.7190000000000001
0.5,0.0,0.3333333333333333,0.25,1.0,0.5,0.3980424143556284,0.008163432743979975,0.6046511627906976,0.5443037974683546,0.9477611940298508,0.7897653194263364,0.06046511627906976,0.05131494547787042,0.0,0.2578124999999999,0.0,0.0,0.2,0.006493506493506494,0.23497267759562845,0.04870129870129871,0.0,0.09090909090909093,0.006644518272425249,0.09090909090909093,0.19094488188976375,0.6277056277056278,0.0,0.062
0.5,0.0,0.3333333333333333,1.0,0.5,0.5,0.5530179445350734,0.017229355540058246,0.34883720930232553,0.5696202531645571,0.9925373134328358,0.9605606258148632,0.09302325581395347,0.041693393200769716,0.0,0.2265624999999999,0.5,0.5,0.2,0.016233766233766232,0.3260473588342441,0.06565656565656566,0.0,0.09090909090909093,0.003322259136212625,0.0,1.0,0.0,0.0,0.01
0.5,0.0,0.3333333333333333,0.25,1.0,0.5,0.3980424143556284,0.008163432743979975,0.6046511627906976,0.5443037974683546,0.9477611940298508,0.7897653194263364,0.06046511627906976,0.05131494547787042,0.0,0.2578124999999999,0.0,0.0,0.2,0.006493506493506494,0.23497267759562845,0.04870129870129871,0.0,0.09090909090909093,0.006644518272425249,0.4545454545454545,0.06889763779527558,0.6139971139971141,0.0,0.391
0.5,0.0,0.3333333333333333,1.0,1.0,1.0,1.0,0.043811789801862386,0.8953488372093023,0.6962025316455696,0.5970149253731343,0.4983702737940027,0.06046511627906976,0.15779345734445155,0.0,0.16406249999999992,0.0,0.0,0.2,0.016233766233766232,0.23497267759562845,0.056998556998557014,0.0,0.09090909090909093,0.0132890365448505,0.8181818181818182,0.04921259842519685,0.5505050505050506,1.0,0.6509999999999999
0.5,0.0,0.3333333333333333,0.25,0.5,0.5,0.30342577487765154,0.0053944291750420825,0.1976744186046512,0.8987341772151899,0.8955223880597014,0.9256844850065191,0.04651162790697674,0.05388069275176395,0.0,0.5078125,0.5,0.5,0.2,0.0,0.2167577413479053,0.04076479076479077,0.0,0.09090909090909093,0.003322259136212625,0.0,0.4311023622047244,0.8852813852813853,0.0,0.03
0.5,0.0,0.3333333333333333,0.625,0.0,0.5,0.21533442088091376,0.011527259301800902,0.4767441860465116,0.7848101265822786,0.7388059701492536,0.6792698826597132,0.05116279069767441,0.007055805003207175,0.2,0.2578124999999999,0.5,0.5,0.4,0.3636363636363637,0.3078324225865209,0.07792207792207792,0.0,0.0,0.009966777408637871,0.18181818181818185,0.07677165354330709,0.6002886002886004,0.0,0.33799999999999997
0.5,0.0,0.3333333333333333,0.625,0.5,1.0,0.8450244698205551,0.0383353160766296,0.2209302325581395,1.0,0.582089552238806,0.6016949152542372,0.03255813953488372,0.055163566388710686,0.0,0.40625,0.0,0.5,0.2,0.003246753246753247,0.23497267759562845,0.019480519480519484,0.1111111111111111,0.18181818181818185,0.12956810631229235,0.5454545454545454,0.10236220472440943,0.5425685425685427,1.0,0.61
0.5,0.0,0.3333333333333333,1.0,1.0,1.0,1.0,0.043811789801862386,0.8953488372093023,0.6962025316455696,0.5970149253731343,0.4983702737940027,0.06046511627906976,0.15779345734445155,0.0,0.16406249999999992,0.0,0.0,0.2,0.016233766233766232,0.23497267759562845,0.056998556998557014,0.0,0.09090909090909093,0.0132890365448505,0.7272727272727273,0.05511811023622047,0.5461760461760463,1.0,0.603
0.5,0.0,0.3333333333333333,0.625,0.5,1.0,0.8450244698205551,0.0383353160766296,0.2209302325581395,1.0,0.582089552238806,0.6016949152542372,0.03255813953488372,0.055163566388710686,0.0,0.40625,0.0,0.5,0.2,0.003246753246753247,0.23497267759562845,0.019480519480519484,0.1111111111111111,0.18181818181818185,0.12956810631229235,0.2727272727272727,0.17519685039370078,0.5382395382395383,1.0,0.335
0.5,0.0,0.3333333333333333,1.0,1.0,1.0,1.0,0.043811789801862386,0.8953488372093023,0.6962025316455696,0.5970149253731343,0.4983702737940027,0.06046511627906976,0.15779345734445155,0.0,0.16406249999999992,0.0,0.0,0.2,0.016233766233766232,0.23497267759562845,0.056998556998557014,0.0,0.09090909090909093,0.0132890365448505,1.0,0.0374015748031496,0.5519480519480521,1.0,0.715
0.5,0.0,0.3333333333333333,0.25,1.0,1.0,0.7373572593800986,0.033228042827255215,0.8720930232558141,0.5696202531645571,0.5298507462686567,0.7033898305084747,0.055813953488372085,0.3438101347017318,0.0,0.5312499999999999,0.0,0.0,0.0,0.016233766233766232,0.5264116575591986,0.016955266955266956,0.5555555555555556,0.8181818181818182,0.5481727574750831,0.09090909090909093,0.3307086614173229,0.5151515151515152,1.0,0.136
0.5,0.0,0.3333333333333333,1.0,1.0,0.5,0.6492659053833608,0.01850104606801495,0.7325581395348838,0.6835443037974683,0.9626865671641791,0.8934159061277706,0.07441860465116278,0.03463758819756254,0.0,0.46875,0.0,0.0,0.2,0.016233766233766232,0.23497267759562845,0.04834054834054834,0.0,0.09090909090909093,0.006644518272425249,0.4545454545454545,0.13582677165354332,0.7193362193362195,0.0,0.315
0.5,0.0,0.3333333333333333,0.0,1.0,1.0,0.6166394779771625,0.03304344258932602,0.5581395348837209,0.5443037974683546,0.5746268656716418,0.7689048239895698,0.05116279069767441,0.2039769082745349,0.4,0.4375,0.0,0.0,0.2,0.2077922077922078,0.2167577413479053,0.0021645021645021667,0.0,0.09090909090909093,0.28903654485049834,0.5454545454545454,0.06692913385826772,0.5526695526695528,1.0,0.708
0.5,0.0,0.3333333333333333,0.625,1.0,0.5,0.5676998368678635,0.015957665012101618,0.33720930232558144,0.5569620253164558,1.0,0.8230117340286831,0.0883720930232558,0.028223220012828724,0.0,0.3749999999999999,0.0,0.5,0.2,0.1590909090909091,0.2167577413479053,0.030663780663780667,0.0,0.09090909090909093,0.006644518272425249,0.09090909090909093,0.3799212598425196,0.645021645021645,0.0,0.05
0.5,0.0,0.3333333333333333,0.625,0.0,0.5,0.21533442088091376,0.011527259301800902,0.4767441860465116,0.7848101265822786,0.7388059701492536,0.6792698826597132,0.05116279069767441,0.007055805003207175,0.2,0.2578124999999999,0.5,0.5,0.4,0.3636363636363637,0.3078324225865209,0.07792207792207792,0.0,0.0,0.009966777408637871,0.3636363636363637,0.043307086614173235,0.6024531024531025,0.0,0.494
0.5,0.0,0.3333333333333333,1.0,0.5,0.0,0.3605220228385,0.0045124502604914594,0.8604651162790699,0.10126582278481007,1.0,0.7320730117340286,0.33953488372093016,0.0006414368184733809,0.0,0.703125,0.0,0.0,0.0,0.5227272727272727,1.0,0.9116161616161615,0.0,0.09090909090909093,0.03654485049833887,0.3636363636363637,0.08464566929133857,0.6284271284271286,1.0,0.449
0.5,0.0,0.3333333333333333,0.0,0.5,1.0,0.5628058727569335,0.02695163473766255,0.0,0.962025316455696,0.582089552238806,0.6861147327249023,0.01395348837209302,0.4156510583707504,0.0,0.0,0.5,1.0,0.6000000000000001,0.0,0.4717668488160292,0.032106782106782104,0.4444444444444444,0.0,0.4385382059800665,0.6363636363636364,0.06692913385826772,0.5418470418470419,1.0,0.7070000000000001
0.5,0.0,0.3333333333333333,0.625,0.0,0.5,0.21533442088091376,0.011527259301800902,0.4767441860465116,0.7848101265822786,0.7388059701492536,0.6792698826597132,0.05116279069767441,0.007055805003207175,0.2,0.2578124999999999,0.5,0.5,0.4,0.3636363636363637,0.3078324225865209,0.07792207792207792,0.0,0.0,0.009966777408637871,0.9090909090909092,0.009842519685039372,0.6017316017316018,0.0,0.792
0.5,0.0,0.3333333333333333,0.25,1.0,0.5,0.3980424143556284,0.008163432743979975,0.6046511627906976,0.5443037974683546,0.9477611940298508,0.7897653194263364,0.06046511627906976,0.05131494547787042,0.0,0.2578124999999999,0.0,0.0,0.2,0.006493506493506494,0.23497267759562845,0.04870129870129871,0.0,0.09090909090909093,0.006644518272425249,0.3636363636363637,0.08464566929133857,0.6183261183261184,0.0,0.305
0.5,0.0,0.3333333333333333,0.25,1.0,1.0,0.7373572593800986,0.033228042827255215,0.8720930232558141,0.5696202531645571,0.5298507462686567,0.7033898305084747,0.055813953488372085,0.3438101347017318,0.0,0.5312499999999999,0.0,0.0,0.0,0.016233766233766232,0.5264116575591986,0.016955266955266956,0.5555555555555556,0.8181818181818182,0.5481727574750831,0.3636363636363637,0.15748031496062992,0.5367965367965369,1.0,0.516
0.5,0.0,0.3333333333333333,1.0,0.0,1.0,0.6867862969004892,0.03589449070845468,0.686046511627907,0.6962025316455696,0.5223880597014925,0.4719687092568449,0.027906976744186043,0.0012828736369467615,0.6000000000000001,0.8828124999999999,0.0,0.0,0.0,0.19805194805194806,0.19854280510018213,0.023809523809523808,0.0,0.18181818181818185,0.006644518272425249,0.7272727272727273,0.14566929133858267,0.5274170274170276,1.0,0.654
0.5,0.0,0.3333333333333333,0.625,1.0,1.0,0.934747145187602,0.04034540755630305,0.5,0.7215189873417721,0.6194029850746269,0.4612125162972621,0.04651162790697674,0.06927517639512508,0.0,0.453125,0.0,0.0,0.2,0.00974025974025974,0.23497267759562845,0.04148629148629149,0.0,0.2727272727272727,0.04651162790697674,1.0,0.05511811023622047,0.5519480519480521,1.0,0.768
0.5,0.0,0.3333333333333333,0.625,0.5,1.0,0.8450244698205551,0.0383353160766296,0.2209302325581395,1.0,0.582089552238806,0.6016949152542372,0.03255813953488372,0.055163566388710686,0.0,0.40625,0.0,0.5,0.2,0.003246753246753247,0.23497267759562845,0.019480519480519484,0.1111111111111111,0.18181818181818185,0.12956810631229235,0.8181818181818182,0.06692913385826772,0.546897546897547,1.0,0.747
0.5,0.0,0.3333333333333333,0.625,0.5,0.5,0.4681892332789566,0.014193707183000372,0.034883720930232565,0.9113924050632912,0.9477611940298508,0.903846153846154,0.27441860465116275,0.30147530468248873,0.0,0.7578124999999999,0.5,0.5,0.2,0.06493506493506493,0.4899817850637523,1.0,0.0,0.09090909090909093,0.003322259136212625,0.6363636363636364,0.10236220472440943,0.6067821067821069,0.0,0.55
1.0,0.0,0.6666666666666666,1.0,1.0,0.5,0.6769983686786276,0.9167452926939326,0.7674418604651162,0.16455696202531647,0.6716417910447762,0.8347457627118643,0.09767441860465116,0.08531109685695956,0.0,0.4140625,0.0,0.0,0.2,0.00974025974025974,0.2167577413479053,0.01803751803751804,0.0,0.18181818181818185,0.003322259136212625,0.6363636363636364,0.12992125984251968,0.7561327561327562,0.0,0.4370000000000001
1.0,0.0,0.6666666666666666,1.0,0.5,0.5,0.6003262642740619,0.9134224884112072,0.4767441860465116,0.11392405063291135,0.6641791044776121,0.9540417209908736,0.04186046511627907,0.037203335471456066,0.0,0.31249999999999994,0.5,0.5,0.4,0.006493506493506494,0.1621129326047359,0.009379509379509382,0.0,0.09090909090909093,0.003322259136212625,0.6363636363636364,0.07677165354330709,0.7366522366522368,0.0,0.444
1.0,0.0,0.6666666666666666,0.625,1.0,0.5,0.5807504078303432,0.9041104319645564,0.2906976744186046,0.3291139240506329,0.6044776119402985,0.8080182529335073,0.15813953488372093,0.03527902501603592,0.8,0.8203125,0.0,0.5,0.6000000000000001,0.25,0.12568306010928965,0.019841269841269844,0.0,0.09090909090909093,0.003322259136212625,0.8181818181818182,0.10039370078740156,0.6139971139971141,0.0,0.581
1.0,0.0,0.6666666666666666,0.625,0.0,0.5,0.2838499184339321,0.8921319276367068,0.5116279069767442,0.5443037974683546,0.3805970149253731,0.7226205997392438,0.01860465116279069,0.0057729313662604285,0.4,1.0,0.0,0.0,0.0,0.3279220779220779,0.3624772313296904,0.03282828282828283,0.5555555555555556,0.18181818181818185,0.14285714285714285,0.6363636363636364,0.011811023622047242,0.5512265512265513,0.0,0.632
1.0,0.0,0.6666666666666666,0.25,1.0,1.0,0.7145187601957589,0.9579931903023342,0.8023255813953488,0.012658227848101278,0.0,0.6704693611473271,0.08372093023255812,0.5131494547787041,0.2,0.4296875,0.0,0.0,0.0,0.025974025974025976,0.1621129326047359,0.01623376623376624,1.0,1.0,0.9501661129568104,0.18181818181818185,0.20275590551181094,0.5223665223665225,1.0,0.212
1.0,0.0,0.6666666666666666,0.625,1.0,1.0,0.9526916802610116,0.9910161217541124,0.4418604651162791,0.3417721518987342,0.11194029850746263,0.0,0.05116279069767441,0.07119948685054521,0.0,0.4375,0.0,0.0,0.2,0.00974025974025974,0.18032786885245905,0.014430014430014428,0.3333333333333333,0.4545454545454546,0.053156146179402,0.09090909090909093,0.3641732283464567,0.4025974025974027,1.0,0.049
1.0,0.0,0.6666666666666666,1.0,1.0,0.5,0.6769983686786276,0.9167452926939326,0.7674418604651162,0.16455696202531647,0.6716417910447762,0.8347457627118643,0.09767441860465116,0.08531109685695956,0.0,0.4140625,0.0,0.0,0.2,0.00974025974025974,0.2167577413479053,0.01803751803751804,0.0,0.18181818181818185,0.003322259136212625,0.5454545454545454,0.1496062992125984,0.7712842712842715,0.0,0.384
1.0,0.0,0.6666666666666666,0.25,0.0,0.5,0.09298531810766784,0.8466382245559338,0.5930232558139535,0.2911392405063291,0.32835820895522383,0.019230769230769232,0.027906976744186043,0.0840282232200128,0.8,0.984375,0.0,0.0,0.0,0.2305194805194805,0.854280510018215,0.2460317460317461,0.3333333333333333,0.5454545454545454,0.14950166112956811,0.8181818181818182,0.04921259842519685,0.6082251082251082,0.0,0.726
1.0,0.0,0.6666666666666666,0.25,1.0,1.0,0.7145187601957589,0.9579931903023342,0.8023255813953488,0.012658227848101278,0.0,0.6704693611473271,0.08372093023255812,0.5131494547787041,0.2,0.4296875,0.0,0.0,0.0,0.025974025974025976,0.1621129326047359,0.01623376623376624,1.0,1.0,0.9501661129568104,0.7272727272727273,0.06889763779527558,0.5288600288600289,1.0,0.6859999999999999
1.0,0.0,0.6666666666666666,0.25,1.0,1.0,0.7145187601957589,0.9579931903023342,0.8023255813953488,0.012658227848101278,0.0,0.6704693611473271,0.08372093023255812,0.5131494547787041,0.2,0.4296875,0.0,0.0,0.0,0.025974025974025976,0.1621129326047359,0.01623376623376624,1.0,1.0,0.9501661129568104,0.8181818181818182,0.05905511811023621,0.5274170274170276,1.0,0.718
1.0,0.0,0.6666666666666666,0.625,0.5,1.0,0.8792822185970639,0.9838577347499692,0.2906976744186046,0.4430379746835443,0.09701492537313436,0.5906127770534549,0.02325581395348837,0.025657472738935202,0.0,0.5703125,0.0,0.5,0.2,0.003246753246753247,0.1621129326047359,0.009379509379509382,0.4444444444444444,0.5454545454545454,0.3488372093023256,0.4545454545454545,0.1417322834645669,0.5317460317460319,1.0,0.451
1.0,0.0,0.6666666666666666,0.25,0.0,0.5,0.09298531810766784,0.8466382245559338,0.5930232558139535,0.2911392405063291,0.32835820895522383,0.019230769230769232,0.027906976744186043,0.0840282232200128,0.8,0.984375,0.0,0.0,0.0,0.2305194805194805,0.854280510018215,0.2460317460317461,0.3333333333333333,0.5454545454545454,0.14950166112956811,0.09090909090909093,0.2263779527559055,0.5916305916305916,0.0,0.064
1.0,0.0,0.6666666666666666,0.25,0.5,1.0,0.6557911908646014,0.9446404397587892,0.3837209302325581,0.2278481012658229,0.05970149253731344,0.7760756192959583,0.04651162790697674,0.2815907633098139,0.2,0.3359375,0.0,0.5,0.4,0.00974025974025974,0.6539162112932606,0.07106782106782109,0.7777777777777777,0.7272727272727273,0.4318936877076412,0.8181818181818182,0.0748031496062992,0.5303030303030304,1.0,0.703
1.0,0.0,0.6666666666666666,1.0,0.5,1.0,0.9575856443719416,1.0,0.6162790697674418,0.13924050632911392,0.2014925373134328,0.5860495436766624,0.06976744186046513,0.0,0.0,0.6562499999999999,0.0,0.0,0.2,0.006493506493506494,0.4171220400728598,0.042207792207792215,0.0,0.4545454545454546,0.07973421926910297,0.2727272727272727,0.15157480314960628,0.4797979797979799,1.0,0.2
1.0,0.0,0.6666666666666666,0.25,0.0,0.5,0.09298531810766784,0.8466382245559338,0.5930232558139535,0.2911392405063291,0.32835820895522383,0.019230769230769232,0.027906976744186043,0.0840282232200128,0.8,0.984375,0.0,0.0,0.0,0.2305194805194805,0.854280510018215,0.2460317460317461,0.3333333333333333,0.5454545454545454,0.14950166112956811,0.6363636363636364,0.06496062992125984,0.6139971139971141,0.0,0.583
1.0,0.0,0.6666666666666666,0.625,1.0,1.0,0.9526916802610116,0.9910161217541124,0.4418604651162791,0.3417721518987342,0.11194029850746263,0.0,0.05116279069767441,0.07119948685054521,0.0,0.4375,0.0,0.0,0.2,0.00974025974025974,0.18032786885245905,0.014430014430014428,0.3333333333333333,0.4545454545454546,0.053156146179402,0.5454545454545454,0.12598425196850396,0.5360750360750361,1.0,0.44
1.0,0.0,0.6666666666666666,0.625,0.5,0.5,0.4926590538336053,0.9025310743733844,0.1744186046511628,0.4050632911392405,0.5298507462686567,0.8409387222946546,0.15348837209302324,0.041693393200769716,0.8,0.7265625,1.0,1.0,1.0,0.2305194805194805,0.07103825136612023,0.0753968253968254,0.0,0.09090909090909093,0.003322259136212625,0.9090909090909092,0.07677165354330709,0.6053391053391054,0.0,0.626
1.0,0.0,0.6666666666666666,0.25,0.5,1.0,0.6557911908646014,0.9446404397587892,0.3837209302325581,0.2278481012658229,0.05970149253731344,0.7760756192959583,0.04651162790697674,0.2815907633098139,0.2,0.3359375,0.0,0.5,0.4,0.00974025974025974,0.6539162112932606,0.07106782106782109,0.7777777777777777,0.7272727272727273,0.4318936877076412,0.5454545454545454,0.1122047244094488,0.5252525252525253,1.0,0.523
1.0,0.0,0.6666666666666666,0.625,0.5,1.0,0.8792822185970639,0.9838577347499692,0.2906976744186046,0.4430379746835443,0.09701492537313436,0.5906127770534549,0.02325581395348837,0.025657472738935202,0.0,0.5703125,0.0,0.5,0.2,0.003246753246753247,0.1621129326047359,0.009379509379509382,0.4444444444444444,0.5454545454545454,0.3488372093023256,0.6363636363636364,0.10433070866141733,0.5324675324675325,1.0,0.595
1.0,0.0,0.6666666666666666,1.0,0.0,1.0,0.7683523654159878,0.9831808672108954,0.6162790697674418,0.10126582278481007,0.15671641791044774,0.8063885267275097,0.04186046511627907,0.0025657472738935235,0.6000000000000001,0.453125,0.0,0.0,0.0,0.3863636363636364,0.2167577413479053,0.01479076479076479,0.2222222222222222,0.5454545454545454,0.2392026578073089,0.09090909090909093,0.2204724409448819,0.4733044733044734,1.0,0.083
1.0,0.0,0.6666666666666666,1.0,0.5,0.5,0.6003262642740619,0.9134224884112072,0.4767441860465116,0.11392405063291135,0.6641791044776121,0.9540417209908736,0.04186046511627907,0.037203335471456066,0.0,0.31249999999999994,0.5,0.5,0.4,0.006493506493506494,0.1621129326047359,0.009379509379509382,0.0,0.09090909090909093,0.003322259136212625,1.0,0.0452755905511811,0.7070707070707072,0.0,0.586
1.0,0.0,0.6666666666666666,0.625,1.0,1.0,0.9526916802610116,0.9910161217541124,0.4418604651162791,0.3417721518987342,0.11194029850746263,0.0,0.05116279069767441,0.07119948685054521,0.0,0.4375,0.0,0.0,0.2,0.00974025974025974,0.18032786885245905,0.014430014430014428,0.3333333333333333,0.4545454545454546,0.053156146179402,1.0,0.06889763779527558,0.5411255411255412,1.0,0.703
0.0,1.0,1.0,1.0,1.0,1.0,0.9086460032626456,0.1830208803380236,0.7906976744186046,0.4177215189873417,0.3955223880597015,0.34354628422425043,0.08372093023255812,0.07055805003207181,0.0,0.3984375,0.0,0.0,0.2,0.022727272727272728,0.3442622950819673,0.041125541125541135,0.0,0.2727272727272727,0.016611295681063124,0.5454545454545454,0.08267716535433071,0.4935064935064936,1.0,0.4270000000000001
0.0,1.0,1.0,1.0,1.0,1.0,0.9086460032626456,0.1830208803380236,0.7906976744186046,0.4177215189873417,0.3955223880597015,0.34354628422425043,0.08372093023255812,0.07055805003207181,0.0,0.3984375,0.0,0.0,0.2,0.022727272727272728,0.3442622950819673,0.041125541125541135,0.0,0.2727272727272727,0.016611295681063124,0.18181818181818185,0.1889763779527559,0.4704184704184705,1.0,0.12
0.0,1.0,1.0,0.625,1.0,1.0,0.8841761827079939,0.18062107724494397,0.686046511627907,0.2911392405063291,0.3955223880597015,0.5586701434159059,0.06976744186046513,0.05003207184092366,0.0,0.32031249999999994,0.0,0.0,0.0,0.012987012987012988,0.3114754098360656,0.029004329004329005,0.0,0.2727272727272727,0.0132890365448505,0.2727272727272727,0.14566929133858267,0.4942279942279942,1.0,0.213
0.0,1.0,1.0,0.25,1.0,0.5,0.4779771615008167,0.13957829101201952,0.6744186046511628,0.11392405063291135,0.7313432835820894,0.3067144719687093,0.09302325581395347,0.021167415009621552,0.0,0.7734374999999999,0.0,0.0,0.2,0.016233766233766232,0.30418943533697634,0.030880230880230886,0.0,0.18181818181818185,0.006644518272425249,0.9090909090909092,0.06496062992125984,0.6695526695526697,0.0,0.5760000000000001
0.0,1.0,1.0,0.625,1.0,1.0,0.8841761827079939,0.18062107724494397,0.686046511627907,0.2911392405063291,0.3955223880597015,0.5586701434159059,0.06976744186046513,0.05003207184092366,0.0,0.32031249999999994,0.0,0.0,0.0,0.012987012987012988,0.3114754098360656,0.029004329004329005,0.0,0.2727272727272727,0.0132890365448505,1.0,0.041338582677165364,0.5476190476190477,1.0,0.7140000000000001
0.0,1.0,1.0,1.0,0.5,0.5,0.4323001631321373,0.1415678713541453,0.1395348837209302,0.4556962025316456,0.8208955223880597,0.3627770534550195,0.009302325581395349,0.2392559332905708,0.0,0.9296875,0.0,0.5,0.2,0.016233766233766232,0.025500910746812384,0.09166666666666667,0.0,0.09090909090909093,0.003322259136212625,0.0,0.4507874015748031,0.5324675324675325,0.0,0.02
0.0,1.0,1.0,1.0,0.5,1.0,0.7862969004893975,0.17660089428559705,0.2906976744186046,0.6455696202531644,0.41044776119402987,0.3745110821382007,0.04651162790697674,0.029506093649775487,0.0,0.28906249999999994,0.0,0.5,0.2,0.003246753246753247,0.2477231329690346,0.005014430014430016,0.0,0.09090909090909093,0.009966777408637871,0.2727272727272727,0.1496062992125984,0.3506493506493507,1.0,0.231
0.0,1.0,1.0,0.25,0.5,0.5,0.3409461663947799,0.13627599786684172,0.1395348837209302,0.6075949367088609,0.6865671641791046,0.4820730117340288,0.0,0.45542014111609996,0.0,0.71875,0.5,0.5,0.4,0.00974025974025974,0.0,0.17402597402597406,0.0,0.09090909090909093,0.003322259136212625,0.8181818181818182,0.06889763779527558,0.6774891774891776,0.0,0.489
0.0,1.0,1.0,0.625,0.0,1.0,0.4698205546492656,0.15875620461910814,0.5581395348837209,0.5316455696202532,0.3880597014925373,0.5974576271186441,0.05116279069767441,0.0038486209108402852,0.8,0.921875,0.0,0.0,0.0,0.4707792207792208,0.3515482695810565,0.040115440115440125,0.3333333333333333,0.5454545454545454,0.6578073089700996,0.7272727272727273,0.06889763779527558,0.5440115440115441,1.0,0.6920000000000001
0.0,1.0,1.0,1.0,1.0,1.0,0.9086460032626456,0.1830208803380236,0.7906976744186046,0.4177215189873417,0.3955223880597015,0.34354628422425043,0.08372093023255812,0.07055805003207181,0.0,0.3984375,0.0,0.0,0.2,0.022727272727272728,0.3442622950819673,0.041125541125541135,0.0,0.2727272727272727,0.016611295681063124,1.0,0.041338582677165364,0.5483405483405485,1.0,0.684
0.0,1.0,1.0,0.625,0.5,1.0,0.7618270799347473,0.1744882471181852,0.18604651162790697,0.6455696202531644,0.4029850746268657,0.5769230769230769,0.03720930232558139,0.023091725465041683,0.0,0.2656249999999999,0.5,0.5,0.4,0.0,0.24954462659380694,0.0018759018759018774,0.1111111111111111,0.09090909090909093,0.026578073089701,0.5454545454545454,0.0905511811023622,0.4971139971139972,1.0,0.496
0.0,1.0,1.0,0.0,0.5,1.0,0.6557911908646014,0.1694425072814538,0.2325581395348837,0.5316455696202532,0.2537313432835821,0.671773142112125,0.04651162790697674,0.07055805003207181,0.0,0.21875,0.0,0.5,0.4,0.0,0.2550091074681239,0.10941558441558444,0.8888888888888888,0.6363636363636364,0.4285714285714286,0.6363636363636364,0.07874015748031496,0.5382395382395383,1.0,0.701
0.0,1.0,1.0,0.0,1.0,1.0,0.7634584013050578,0.17797514050129232,0.8023255813953488,0.3670886075949368,0.23134328358208955,0.5632333767926988,0.10232558139534884,0.14560615779345729,0.4,0.4140625,0.0,0.0,0.0,0.029220779220779224,0.4116575591985429,0.048917748917748916,0.2222222222222222,0.6363636363636364,0.09302325581395347,0.5454545454545454,0.06889763779527558,0.533910533910534,1.0,0.652
0.0,1.0,1.0,0.0,0.5,1.0,0.6557911908646014,0.1694425072814538,0.2325581395348837,0.5316455696202532,0.2537313432835821,0.671773142112125,0.04651162790697674,0.07055805003207181,0.0,0.21875,0.0,0.5,0.4,0.0,0.2550091074681239,0.10941558441558444,0.8888888888888888,0.6363636363636364,0.4285714285714286,0.9090909090909092,0.053149606299212594,0.5382395382395383,1.0,0.799
0.0,1.0,1.0,0.25,0.5,1.0,0.6965742251223492,0.1699963079952414,0.33720930232558144,0.6202531645569622,0.27611940298507465,0.5114080834419819,0.05116279069767441,0.07568954457985888,0.0,0.1328124999999999,0.0,0.5,0.4,0.003246753246753247,0.42440801457194893,0.025901875901875912,0.6666666666666666,0.6363636363636364,0.3388704318936877,0.09090909090909093,0.3228346456692913,0.19624819624819625,1.0,0.06
0.0,1.0,1.0,0.25,0.5,0.5,0.3409461663947799,0.13627599786684172,0.1395348837209302,0.6075949367088609,0.6865671641791046,0.4820730117340288,0.0,0.45542014111609996,0.0,0.71875,0.5,0.5,0.4,0.00974025974025974,0.0,0.17402597402597406,0.0,0.09090909090909093,0.003322259136212625,0.6363636363636364,0.0905511811023622,0.6976911976911978,0.0,0.401
0.0,1.0,1.0,0.625,1.0,1.0,0.8841761827079939,0.18062107724494397,0.686046511627907,0.2911392405063291,0.3955223880597015,0.5586701434159059,0.06976744186046513,0.05003207184092366,0.0,0.32031249999999994,0.0,0.0,0.0,0.012987012987012988,0.3114754098360656,0.029004329004329005,0.0,0.2727272727272727,0.0132890365448505,0.0,0.3996062992125983,0.021645021645021637,1.0,0.03
0.0,1.0,1.0,0.625,0.0,1.0,0.4698205546492656,0.15875620461910814,0.5581395348837209,0.5316455696202532,0.3880597014925373,0.5974576271186441,0.05116279069767441,0.0038486209108402852,0.8,0.921875,0.0,0.0,0.0,0.4707792207792208,0.3515482695810565,0.040115440115440125,0.3333333333333333,0.5454545454545454,0.6578073089700996,0.18181818181818185,0.2047244094488189,0.5512265512265513,1.0,0.16399999999999998
0.0,1.0,1.0,0.0,1.0,1.0,0.7634584013050578,0.17797514050129232,0.8023255813953488,0.3670886075949368,0.23134328358208955,0.5632333767926988,0.10232558139534884,0.14560615779345729,0.4,0.4140625,0.0,0.0,0.0,0.029220779220779224,0.4116575591985429,0.048917748917748916,0.2222222222222222,0.6363636363636364,0.09302325581395347,0.7272727272727273,0.05118110236220472,0.5404040404040404,1.0,0.748
0.0,1.0,1.0,0.25,0.5,1.0,0.6965742251223492,0.1699963079952414,0.33720930232558144,0.6202531645569622,0.27611940298507465,0.5114080834419819,0.05116279069767441,0.07568954457985888,0.0,0.1328124999999999,0.0,0.5,0.4,0.003246753246753247,0.42440801457194893,0.025901875901875912,0.6666666666666666,0.6363636363636364,0.3388704318936877,0.2727272727272727,0.18503937007874016,0.3874458874458875,1.0,0.23399999999999999
0.0,1.0,1.0,0.25,1.0,1.0,0.8140293637846658,0.17699060589900314,0.8372093023255814,0.4177215189873417,0.26865671641791045,0.3604954367666232,0.10232558139534884,0.15458627325208465,0.2,0.7265625,0.0,0.0,0.0,0.03571428571428571,0.3606557377049181,0.041378066378066375,0.1111111111111111,0.8181818181818182,0.0963455149501661,0.5454545454545454,0.08661417322834647,0.5346320346320347,1.0,0.555
0.0,1.0,1.0,0.0,0.0,1.0,0.3833605220228383,0.15077737211305736,0.3837209302325581,0.5696202531645571,0.4850746268656717,0.7046936114732726,0.08372093023255812,0.0038486209108402852,0.6000000000000001,0.7890624999999999,0.0,0.0,0.0,1.0,0.13661202185792354,0.0019119769119769101,0.4444444444444444,0.4545454545454546,0.4086378737541528,1.0,0.05511811023622047,0.5353535353535354,1.0,0.774
0.0,1.0,1.0,0.0,1.0,1.0,0.7634584013050578,0.17797514050129232,0.8023255813953488,0.3670886075949368,0.23134328358208955,0.5632333767926988,0.10232558139534884,0.14560615779345729,0.4,0.4140625,0.0,0.0,0.0,0.029220779220779224,0.4116575591985429,0.048917748917748916,0.2222222222222222,0.6363636363636364,0.09302325581395347,0.2727272727272727,0.12401574803149605,0.484848484848485,1.0,0.376
0.0,1.0,1.0,0.625,1.0,0.5,0.5350734094616637,0.1428190507445543,0.5348837209302325,0.02531645569620256,0.8134328358208955,0.5593220338983051,0.06976744186046513,0.0038486209108402852,0.0,0.4140625,0.0,0.5,0.2,0.016233766233766232,0.25136612021857924,0.017171717171717168,0.0,0.09090909090909093,0.003322259136212625,0.7272727272727273,0.1062992125984252,0.6673881673881674,0.0,0.44799999999999995
0.0,1.0,1.0,0.0,0.5,1.0,0.6557911908646014,0.1694425072814538,0.2325581395348837,0.5316455696202532,0.2537313432835821,0.671773142112125,0.04651162790697674,0.07055805003207181,0.0,0.21875,0.0,0.5,0.4,0.0,0.2550091074681239,0.10941558441558444,0.8888888888888888,0.6363636363636364,0.4285714285714286,0.2727272727272727,0.1594488188976378,0.5310245310245311,1.0,0.32899999999999996
0.0,1.0,1.0,0.25,0.0,0.5,0.0,0.12556918406694842,0.6395348837209301,0.16455696202531647,0.7014925373134329,0.7940026075619295,0.25581395348837205,0.0019243104554201426,0.6000000000000001,0.4999999999999999,0.0,0.0,0.0,0.9383116883116882,0.4116575591985429,0.058152958152958165,0.1111111111111111,0.18181818181818185,0.009966777408637871,0.4545454545454545,0.10433070866141733,0.6255411255411256,0.0,0.495
0.0,1.0,1.0,0.25,0.5,1.0,0.6965742251223492,0.1699963079952414,0.33720930232558144,0.6202531645569622,0.27611940298507465,0.5114080834419819,0.05116279069767441,0.07568954457985888,0.0,0.1328124999999999,0.0,0.5,0.4,0.003246753246753247,0.42440801457194893,0.025901875901875912,0.6666666666666666,0.6363636363636364,0.3388704318936877,1.0,0.057086614173228335,0.5281385281385282,1.0,0.789
0.0,1.0,1.0,1.0,0.5,1.0,0.7862969004893975,0.17660089428559705,0.2906976744186046,0.6455696202531644,0.41044776119402987,0.3745110821382007,0.04651162790697674,0.029506093649775487,0.0,0.28906249999999994,0.0,0.5,0.2,0.003246753246753247,0.2477231329690346,0.005014430014430016,0.0,0.09090909090909093,0.009966777408637871,0.09090909090909093,0.2637795275590551,0.33477633477633484,1.0,0.07
0.0,1.0,1.0,1.0,0.5,1.0,0.7862969004893975,0.17660089428559705,0.2906976744186046,0.6455696202531644,0.41044776119402987,0.3745110821382007,0.04651162790697674,0.029506093649775487,0.0,0.28906249999999994,0.0,0.5,0.2,0.003246753246753247,0.2477231329690346,0.005014430014430016,0.0,0.09090909090909093,0.009966777408637871,0.8181818181818182,0.05511811023622047,0.5202020202020202,1.0,0.647
0.0,1.0,1.0,0.25,1.0,1.0,0.8140293637846658,0.17699060589900314,0.8372093023255814,0.4177215189873417,0.26865671641791045,0.3604954367666232,0.10232558139534884,0.15458627325208465,0.2,0.7265625,0.0,0.0,0.0,0.03571428571428571,0.3606557377049181,0.041378066378066375,0.1111111111111111,0.8181818181818182,0.0963455149501661,0.18181818181818185,0.19685039370078736,0.3787878787878789,1.0,0.174
